INSERT INTO `creature` (`guid`, `id`, `map`, `spawnMask`, `phaseMask`, `modelid`, `equipment_id`, `position_x`, `position_y`, `position_z`, `orientation`, `spawntimesecs`, `spawndist`, `currentwaypoint`, `curhealth`, `curmana`, `MovementType`, `npcflag`, `unit_flags`, `dynamicflags`) 
VALUES 
(15501446, 23619, 0, 1, 1, 0, 0, -13146.5, 313.539, 46.309, 3.72841, 300, 0, 0, 2835, 7196, 0, 0, 0, 0),
(15501445, 23624, 0, 1, 1, 0, 0, -13141.8, 306.782, 46.309, 3.71349, 300, 0, 0, 3240, 3155, 0, 0, 0, 0),
(15501444, 23623, 0, 1, 1, 0, 0, -13138.4, 313.412, 49.9469, 3.36321, 300, 0, 0, 3240, 3155, 0, 0, 0, 0),
(15501443, 23625, 0, 1, 1, 0, 0, -13145.6, 309.029, 46.3101, 3.66637, 300, 0, 0, 4050, 0, 0, 0, 0, 0),
(15501448, 23626, 0, 1, 1, 0, 0, -13142.9, 310.636, 46.309, 3.61532, 300, 0, 0, 3240, 3155, 0, 0, 0, 0),
(15501453, 25305, 0, 1, 1, 0, 0, -13250.8, 216.413, 30.8128, 4.74551, 300, 0, 0, 42, 0, 0, 0, 0, 0),
(15501452, 25305, 0, 1, 1, 0, 0, -13225.3, 203.536, 30.815, 3.81088, 300, 0, 0, 42, 0, 0, 0, 0, 0);

INSERT INTO `gameobject` (`guid`, `id`, `map`, `spawnMask`, `phaseMask`, `position_x`, `position_y`, `position_z`, `orientation`, `rotation0`, `rotation1`, `rotation2`, `rotation3`, `spawntimesecs`, `animprogress`, `state`) 
VALUES 
(10157340, 181886, 0, 1, 1, -13204.5, 222.205, 49.369, 1.59238, 0, 0, 0.714695, 0.699436, 300, 0, 1),
(10157337, 181886, 0, 1, 1, -13214.5, 232.484, 33.4758, 4.31852, 0, 0, 0.831795, -0.555083, 300, 0, 1),
(10157336, 181886, 0, 1, 1, -13232.9, 241.288, 33.4679, 0.997853, 0, 0, 0.478483, 0.878097, 300, 0, 1),
(10157341, 181886, 0, 1, 1, -13154.4, 271.756, 49.3709, 3.20558, 0, 0, 0.999488, -0.0319893, 300, 0, 1),
(10157342, 181886, 0, 1, 1, -13234.2, 314.032, 49.3689, 5.22248, 0, 0, 0.505836, -0.86263, 300, 0, 1),
(10157343, 181886, 0, 1, 1, -13247.1, 244.486, 49.3694, 0.593338, 0, 0, 0.292336, 0.956316, 300, 0, 1),
(10157380, 188470, 0, 1, 1, -13222.1, 227.18, 33.2325, 1.12351, 0, 0, 0.53267, 0.846323, 300, 0, 1),
(10157381, 188470, 0, 1, 1, -13231.9, 232.686, 33.2305, 0.900452, 0, 0, 0.435169, 0.900349, 300, 0, 1),
(10157372, 190921, 0, 1, 1, -13220.8, 242.215, 21.8579, 1.08424, 0, 0, 0.515953, 0.856617, 300, 0, 1),
(10157370, 190921, 0, 1, 1, -13228.7, 243.321, 21.8583, 0.951515, 0, 0, 0.458012, 0.888946, 300, 0, 1),
(10157371, 190921, 0, 1, 1, -13214.5, 237.354, 21.8583, 1.12744, 0, 0, 0.534336, 0.845272, 300, 0, 1),
(10157805, 164729, 0, 1, 1, -13173.9, 250.913, 21.8579, 1.06477, 0, 0, 0.50759, 0.861599, 300, 0, 1),
(10157386, 191126, 0, 1, 1, -13231.8, 240.256, 33.4597, 4.2824, 0, 0, 0.841684, -0.53997, 300, 0, 1),
(10157807, 164729, 0, 1, 1, -13245.1, 294.266, 21.8574, 5.7481, 0, 0, 0.264361, -0.964424, 300, 0, 1),
(10157806, 164729, 0, 1, 1, -13169.9, 244.992, 21.8567, 2.58452, 0, 0, 0.961459, 0.274948, 300, 0, 1),
(10157389, 194306, 0, 1, 1, -13216.1, 232.369, 33.4468, 1.23034, 0, 0, 0.577098, 0.816675, 300, 0, 1),
(10157801, 164729, 0, 1, 1, -13164, 253.293, 21.8573, 2.56489, 0, 0, 0.958714, 0.284371, 300, 0, 1),
(10157524, 186300, 0, 1, 1, -13279.6, 281.836, 43.1301, 6.21687, 0, 0, 0.0331519, -0.99945, 300, 0, 1),
(10157523, 186300, 0, 1, 1, -13140.6, 312.136, 43.0453, 3.71412, 0, 0, 0.959305, -0.282371, 300, 0, 1),
(10157695, 181640, 0, 1, 1, -13281.2, 281.894, 50.0309, 6.2254, 0, 0, 0.0288872, -0.999583, 300, 0, 1),
(10157808, 164729, 0, 1, 1, -13248.7, 285.284, 21.8571, 5.90888, 0, 0, 0.186063, -0.982538, 300, 0, 1),
(10157809, 164729, 0, 1, 1, -13241.1, 285.24, 21.8572, 1.09124, 0, 0, 0.51895, 0.854805, 300, 0, 1),
(10157860, 186858, 0, 1, 1, -13168.8, 243.763, 33.2312, 2.63067, 0, 0, 0.967547, 0.252692, 300, 0, 1),
(10157859, 186858, 0, 1, 1, -13175.2, 237.391, 33.2308, 2.12802, 0, 0, 0.874308, 0.485372, 300, 0, 1),
(10157858, 186858, 0, 1, 1, -13181, 233.196, 33.2312, 2.24975, 0, 0, 0.902214, 0.431288, 300, 0, 1),
(10157857, 186858, 0, 1, 1, -13190.6, 228.987, 33.2243, 1.78637, 0, 0, 0.779071, 0.626935, 300, 0, 1),
(10157856, 186858, 0, 1, 1, -13198.7, 227.024, 33.2213, 1.82564, 0, 0, 0.791231, 0.611517, 300, 0, 1),
(10157861, 186858, 0, 1, 1, -13164.9, 249.017, 33.2317, 2.49715, 0, 0, 0.948535, 0.316673, 300, 0, 1),
(10157862, 186858, 0, 1, 1, -13161.7, 257.246, 33.2256, 2.95425, 0, 0, 0.995616, 0.0935323, 300, 0, 1),
(10157863, 186858, 0, 1, 1, -13159.9, 266.568, 33.2231, 2.86786, 0, 0, 0.990648, 0.13644, 300, 0, 1),
(10157864, 186858, 0, 1, 1, -13159.7, 277.823, 33.2246, 3.24878, 0, 0, 0.998564, -0.0535668, 300, 0, 1),
(10157865, 186858, 0, 1, 1, -13160.8, 286.066, 33.225, 3.27627, 0, 0, 0.997734, -0.0672861, 300, 0, 1),
(10157866, 186858, 0, 1, 1, -13164, 294.601, 33.2308, 3.70431, 0, 0, 0.960679, -0.277661, 300, 0, 1),
(10157867, 186858, 0, 1, 1, -13167.5, 300.086, 33.2303, 3.66504, 0, 0, 0.965945, -0.258746, 300, 0, 1),
(10157868, 186858, 0, 1, 1, -13173.5, 306.77, 33.2319, 4.09701, 0, 0, 0.888051, -0.459745, 300, 0, 1),
(10157869, 186858, 0, 1, 1, -13178.7, 310.62, 33.2312, 4.02632, 0, 0, 0.903741, -0.428079, 300, 0, 1),
(10157870, 186858, 0, 1, 1, -13186.8, 315.213, 33.232, 4.38761, 0, 0, 0.812127, -0.583481, 300, 0, 1),
(10157871, 186858, 0, 1, 1, -13194.7, 317.782, 33.2309, 4.38368, 0, 0, 0.813271, -0.581886, 300, 0, 1),
(10157872, 186858, 0, 1, 1, -13203.2, 319.302, 33.2318, 4.81957, 0, 0, 0.668214, -0.743969, 300, 0, 1),
(10157873, 186858, 0, 1, 1, -13209.8, 319.16, 33.2326, 4.70177, 0, 0, 0.710852, -0.703342, 300, 0, 1),
(10157874, 186858, 0, 1, 1, -13217.5, 317.659, 33.2264, 5.17693, 0, 0, 0.525352, -0.850885, 300, 0, 1),
(10157875, 186858, 0, 1, 1, -13225.5, 313.794, 33.2225, 5.2005, 0, 0, 0.515288, -0.857017, 300, 0, 1),
(10157876, 186858, 0, 1, 1, -13235.8, 306.609, 33.2235, 5.57355, 0, 0, 0.347417, -0.937711, 300, 0, 1),
(10157877, 186858, 0, 1, 1, -13241.8, 300.779, 33.2237, 5.43219, 0, 0, 0.412775, -0.910833, 300, 0, 1),
(10157878, 186858, 0, 1, 1, -13246.8, 293.891, 33.2318, 5.84845, 0, 0, 0.215661, -0.976468, 300, 0, 1),
(10157879, 186858, 0, 1, 1, -13249.8, 286.678, 33.2315, 5.96233, 0, 0, 0.159741, -0.987159, 300, 0, 1),
(10157880, 186858, 0, 1, 1, -13251.3, 277.645, 33.2303, 0.0325689, 0, 0, 0.0162837, 0.999867, 300, 0, 1),
(10157881, 186858, 0, 1, 1, -13251.3, 269.667, 33.2297, 6.17831, 0, 0, 0.052412, -0.998626, 300, 0, 1),
(10157882, 186858, 0, 1, 1, -13250, 260.882, 33.2249, 0.433123, 0, 0, 0.214873, 0.976642, 300, 0, 1),
(10157883, 186858, 0, 1, 1, -13246.6, 252.925, 33.2235, 0.409561, 0, 0, 0.203352, 0.979106, 300, 0, 1),
(10157884, 186858, 0, 1, 1, -13241.2, 243.259, 33.222, 0.629472, 0, 0, 0.309565, 0.950878, 300, 0, 1),
(10157885, 186858, 0, 1, 1, -13210.3, 226.289, 33.2211, 1.48556, 0, 0, 0.676337, 0.736592, 300, 0, 1),
(10157920, 186858, 0, 1, 1, -13230.3, 240.711, 21.857, 1.08853, 0, 0, 0.51779, 0.855508, 300, 0, 1),
(10157921, 186858, 0, 1, 1, -13221.7, 236.253, 21.857, 1.03355, 0, 0, 0.49408, 0.869416, 300, 0, 1),
(10157922, 186858, 0, 1, 1, -13214.2, 232.907, 21.8573, 4.29688, 0, 0, 0.837751, -0.546053, 300, 0, 1),
(10157923, 186858, 0, 1, 1, -13234, 244.074, 21.8574, 4.10053, 0, 0, 0.887241, -0.461306, 300, 0, 1),
(10157924, 186858, 0, 1, 1, -13238.7, 246.826, 19.1652, 1.14351, 0, 0, 0.54111, 0.840952, 300, 0, 1),
(10157925, 186858, 0, 1, 1, -13207.7, 228.927, 16.9891, 1.35083, 0, 0, 0.625221, 0.780447, 300, 0, 1),
(10157926, 186858, 0, 1, 1, -13207.2, 227.283, 33.2287, 4.66911, 0, 0, 0.722242, -0.69164, 300, 0, 1);

INSERT INTO `game_event` (`eventEntry`, `start_time`, `end_time`, `occurence`, `length`, `holiday`, `description`, `world_event`) 
VALUES 
(91, '0000-0-0 00:00:00', '0000-0-0 00:00:00', 5184000, 2592000, 0, 'PVPEvent', 0),
(92, '0000-0-0 00:00:00', '0000-0-0 00:00:00', 5184000, 2592000, 0, 'FIGHT', 0);


DELETE FROM game_event_gameobject WHERE eventEntry = 91;
INSERT INTO game_event_gameobject (guid, eventEntry)
VALUES
(10157372,91),
(10157370,91),
(10157371,91),
(10157386,91),
(10157389,91),
(10157340,91),
(10157337,91),
(10157336,91),
(10157341,91),
(10157342,91),
(10157343,91),
(10157380,91),
(10157381,91),
(10157524,91),
(10157523,91),
(10157860,91),
(10157859,91),
(10157858,91),
(10157857,91),
(10157856,91),
(10157861,91),
(10157862,91),
(10157863,91),
(10157864,91),
(10157865,91),
(10157866,91),
(10157867,91),
(10157868,91),
(10157869,91),
(10157870,91),
(10157871,91),
(10157872,91),
(10157873,91),
(10157874,91),
(10157875,91),
(10157876,91),
(10157877,91),
(10157878,91),
(10157879,91),
(10157880,91),
(10157881,91),
(10157882,91),
(10157883,91),
(10157884,91),
(10157885,91),
(10157920,91),
(10157921,91),
(10157922,91),
(10157923,91),
(10157924,91),
(10157925,91),
(10157926,91),
(10157695,91);

DELETE FROM game_event_creature WHERE eventEntry = 91;
INSERT INTO game_event_creature (guid, eventEntry)
VALUES
(15501446,91),
(15501444,91),
(15501445,91),
(15501443,91),
(15501448,91),
(15501453,91),
(15501452,91);

INSERT INTO `game_event_gameobject` (`eventEntry`, `guid`) 
VALUES
(92, 10157801),
(92, 10157805),
(92, 10157806),
(92, 10157807),
(92, 10157808),
(92, 10157809);


